block_id, block_hash, timestamp, difficulty, transaction_hash, timestamp, sender, receiver, amount, tax
4728042, 0x2ab52915da4a7bece7fe897c5e9cf0d93a40f42c02e4170438975e8f6205728f, 2017-12-14 06:51:19, 1637664087773349, 0x838d179a58aaa73127bffb480b49e3d286eb7b73b8149f632e1e9f05042ed27f, 2017-12-13 23:19:28, 0x03c81b5807b7a11f3be3d364d14dfb7dd818c972, 0x1a0b09c4caaba8a5da6ca6c26a3fcc16e05d24d8, 37.142631825483598, 0.00067221
4728046, 0x8ce60a72a7536c3d34ec947ce1adf888bb53f762a77fab48c4ea2aff6edaf684, 2017-12-14 06:51:19, 1631273990650568, 0x9930e5b9adb34afaead1be4344c1d62fa3e19d4572531b50930430ab3994716a, 2017-12-13 23:21:36, jamesshedden.eth, CryptoKitties: Core, 0.008, 0.00199962
4728041, 0x19837c6c8550590988d5db07b1fb1e0e5a61b2e56832572a07b4a832387f771f, 2017-12-14 06:51:19, 1640066528945089, 0xd4b8e50814188d1f6b32e751cb1f20683b376bf67895f1797a0a1bddfa5ec424, 2017-12-13 23:18:50, 0xfab3e2ce70e23c8539d1a84d8d42a1245769cc66, 0xb597226ddfb8d984efb359c4d37bc9b86f32b4be, 1, 0.000441
4728045, 0x7e6907dc807e1463f63461cd8dc3cdd49150bb029823358cba890b3f85d0b5fc, 2017-12-14 06:51:19, 1633667057596701, 0x0e120d5645f5219c015756f2a3673f4312b2ad5c4dee0db270f5cf6437f5413a, 2017-12-13 23:21:00, 0x1ad125e0cbbce275cce217584088f1cc19d73c30, Verify Token, 0, 0.00101598
4728044, 0xadc1f908335f735afe41418750aedc91ea24ec4684e27df23f8e3ea0f99ff5a9, 2017-12-14 06:51:19, 1636063635154489, 0x8a698aa52880030dd106bed80704c77c206831229d5bbb1face122f5419aa07b, 2017-12-13 23:20:14, 0x52dd154ba4ffffa67967aae9aadb711b1affeb0b, 0x94e0936b422873e8322cdbd918474a72d6dc12b3, 3, 0.00063
4728040, 0xf54e62e944f172f68c81c4b96b6943b66d6e6a5e86dd43f534831b5d5120cd74, 2017-12-14 06:51:19, 1640066528912321, 0xfc6b9fbd6000770f804ee4a1970e918ff7dd07671ed74fdd7ac87517a6561067, 2017-12-13 23:18:39, 0x0ec1232f4b1261e77c4fc5c543116008bbd5ae7b, 0x7f724ab80d6502de02e22cf454a598140d46e975, 0.11, 0.000483
4728043, 0x486cbcd0c8c69f6a40bbe7ccf4eb446bd8cd835530838eb00e8b17baf47b6384, 2017-12-14 06:51:19, 1638463728473975, 0xf4ec7e0a21e2d70a70976f81a39bf1a7a35960ad3c927670f1ecd02fb9b98ab6, 2017-12-13 23:19:32, 0x21027bd87e2bd71fad02bda1b200444e1bf4db36, 0x1e9128b65d324f18a2bc3849a64809a7910e7404, 0.008, 0.000441
4728050, 0x865cb82f9a612691704678f123f427ef667433ed5f8183b885630665a363dc8e, 2017-12-14 06:51:19, 1628086745408787, 0xcf5205f55786f68c94eab9ae550ed965a609f364216491d9ba72fe68ce9e803e, 2017-12-13 23:23:16, 0xe80b98b52ac5ba01f8a621f576b44475cc0c65f5, 0x1e7098e55c5b5bc20dbcffd0d61f08ee9d8028b6, 0.5, 0.000441
4728048, 0x8c00b2a28df00ecd97af50bfb55a3009a1040a3e5cb5cc9ded7303ceefb0a291, 2017-12-14 06:51:19, 1628884429206363, 0x2d12bf8d38fc397a489819fc69e00f70737c7c23bf2952a98b73e57c9e3d6f36, 2017-12-13 23:22:27, 0x83320bc47cc8757bb0ae422b8a6934995b7273d1, 0x7541033ff8fc4fc07bb85ab3f09d8158d55bbb11, 0.0308, 0.000483
4728049, 0x47414d040af8cfa05a5356240e79e4ff1fd3a07a9db7d1fcd42bdeaad01349df, 2017-12-14 06:51:19, 1630475136689527, 0x3801b05f49f68bb9504a7c81f96c7ea30cc5ec37b7884d0afd2e7fa1627ac745, 2017-12-13 23:22:35, 0x6abfc9eacb3a842dd8bd3f5ecc3e6ebda710f5e8, 0x0856e4ac48b8ff33879eba50a1822e8cb30c1bda, 0.002, 0.000441
4728047, 0xd088052276fda33b2f5490dde4e09c8e31a3a9d8f0fa8c79b730192d372d1de8, 2017-12-14 06:51:19, 1628884429173595, 0xcf8da912a2798c0f65f7e5a447c51d3876c7e9940c98c5bf3f28d7c751491b8f, 2017-12-13 23:22:13, 0xabbcc3d0adb5c66c60bd5e362a3dd4efe679b9d6, mysense.eth, 0.03, 0.000504
4728051, 0x607b40a5ac049820efbdd43cbab01063a51cc11a809eb6784e22528a5ad6cf81, 2017-12-14 06:51:19, 1628881709672711, 0xd83608eb2fe12fda7cf8f5589c8ea6152fb961b110cbb6626673bd761da2bd9c, 2017-12-13 23:23:20, 0x506d9686ecfc533b72fe4d8ff2ea4f7f7cd09445, 0xd6c428c6a78d358bde1d4204d6e567bbf786049c, 0.117844271237605, 0.000126
4728055, 0x60c2903c53ac3a57c8fe3af2fc32ad62b1d775af36cc9ab1a8b229ec33013d09, 2017-12-14 06:51:19, 1624906890543108, 0x5632b8b1b12b8706100d9a075e2c07c58f9452d806f17572d166133154df419d, 2017-12-13 23:25:06, 0x46e39f4bd9795ff90f7de1538b9da1a330c3c7f1, 0x7118576f3602e310a504d44f6bdabf9438c482d9, 0.14, 0.00067221
4728052, 0xd38b0f31341f8a7154f2e94cf7bad45396c535520737028cff69c6d5eb29b2aa, 2017-12-14 06:51:19, 1627291004910877, 0xc5eea7bef3f8b6fae15af163b0b33259446b732043f385906080e3eb06edd2a0, 2017-12-13 23:23:50, 0x7c788016de6dcab1a6e39e9dfe5f1c18173e764c, 0x7501a4f0b6fcf5ab8d682a57e668214edc3d3ea4, 0, 0.00045215
4728053, 0xe3bb9e6a9600a9c3bf237965622548e02a41f18c6eba3d36da13e9877630236b, 2017-12-14 06:51:19, 1624907277885672, 0x2421ea216f69588b080dc19654d10f618f39e69f7c170f19739c5ac2006a9972, 2017-12-13 23:24:34, 0xb01cb49fe0d6d6e47edf3a072d15dfe73155331c, 0xac1e8bc5f8c306d3872190a168a6af2a7e590a28, 5.004, 0.00105
4728054, 0xf0a1b6f5ba3ee8c3d1e7666532029aeb282fa6137f3ec9f0459d0847803353f2, 2017-12-14 06:51:19, 1625700689675220, 0xcaeff2f029fc7f88ffc9d764d528eef4c7e63e28a7c6b1e8b51c1355f4e5353f, 2017-12-13 23:24:40, Kraken 4, 0x84e1fad0f5773425cb919ca39c1fbdc1bc798995, 84.18492, 0.00100831
4728061, 0x7b506954fec45e9c86e3a386f414d0fea05422e466ef42656451eecd25d42361, 2017-12-14 06:51:19, 1625698751918660, 0x6551b32c005df56cf8e023d0ad182b47286af08bd1d21c5fe682e83606e24414, 2017-12-13 23:26:27, 0x23c5f260be49f8b7af6db18c7d776dbed3a58394, 0xc87144c3fc37817b1faa60895b8624854a0ed87c, 0.1703073, 0.000483
4728059, 0x5681e9b6ef67b25efe3b678f830ddbebfbd707afa9b5ca746c23b75b97888d91, 2017-12-14 06:51:19, 1627287900193188, 0xfa4b37f9a3d7765ec3d5865ea2d28ddd8a885ed91c0737a935ad516be466dc51, 2017-12-13 23:25:37, 0xa938c7b62c167d42e6f79ea445756b124b54b594, 0x7376593337759f40cbae88ba92d339cde58867be, 0.01456556, 0.00042
4728058, 0xe9507a622710ed1dfc41e6d68edd42738c7581e04cf947ecdb4086d4c850b02d, 2017-12-14 06:51:19, 1626493713776740, 0x2c0267aed473545fe503e521938d0009e3c9637ab310945be1544e4d952244ee, 2017-12-13 23:25:33, 0x4adb435ff428cff66c9c2d3b63edc99fd4d09761, 0xf81153714dd8dd72e52faa5ae3c53525bed51653, 0.706659, 0.000483
4728057, 0xc64eea1cba89949d7319186d3880e2b15fa1c57a9cbca97f33df5c22a16f9b3a, 2017-12-14 06:51:19, 1626493713743972, 0x9708e74ceb51a2a1c89bcc21481b4d1101fb90b69db81a2c4dd60de1d5efec6d, 2017-12-13 23:25:23, 0xc587adbc24cb22d1ecaacdb96395787fee1dabf5, 0xa2e0b86ed9e019fb1e401bcc6e92711c272b5c31, 0.007, 0.000483
4728056, 0x414182c09a4293400b4db8761013a8134cd301f3615df33ed9698519c39d6cd9, 2017-12-14 06:51:19, 1624906890575876, 0x5c07ce41dafa3f828eefd852584100230a4e37e4c9860920a4567f93cfc3601d, 2017-12-13 23:25:18, 0xcbbbd2c5e00e8b2767875ae5eb6cfc333e04e934, PolyAi: AI Token, 0, 0.0005585
4728062, 0x3bdb8ad4ebf68bab3f3c02a15e78fd5099ecc1e9bb7ccb11b1a1d078f4c1a3db, 2017-12-14 06:51:19, 1625698751951428, 0x5b9b353b984289b96c60a82cfe759a365f4926a9fca9e426255bcc8837c37a1d, 2017-12-13 23:26:40, 0xf3e2d588be043543e142f34f4452d8de0b61facf, 0xefc61b12544b95e270bf108e0a336d358f9bb8f2, 1.01, 0.000441
4728060, 0x7fbefc3a418b739c422bf1b53144f41a7e206902499792606340073ae934b6f7, 2017-12-14 06:51:19, 1627287900225956, 0x4fb696e979459d1bfcbc89c033e96872dbedb802c064d0d9289ad030ede0c236, 2017-12-13 23:25:47, 0x2415e1836e1b70aac6d7134121c51a7e489d3f6f, 0xd5bbae58416471360e09150b95f30892948dcba0, 0.502, 0.00044207
4728063, 0x1a1aef430ab479e57d5506c84ac2226a6e91def3560bdb51e9a02637b14ada5a, 2017-12-14 06:51:19, 1624904953765470, 0xb7464c5a37dd12b2897b6c443f0f4b6f3289212cac80a069be6073d1a9ece1cc, 2017-12-13 23:27:11, 0x7e9ce43e776a6a73721e951577575613ca3f40f1, 0x1f9eb5ff30662626d3c7f457533f7a7c38d37e56, 6.46385977, 0.000441
4728064, 0x2ac533995a391a2fbc37e35ebc8b904fa4cea25f220447f707b7768f483df81d, 2017-12-14 06:51:19, 1624111543176283, 0x9f9150eec5abc7c0dac7a95744152b4987bf723b16dd14aeade0963089d6ea23, 2017-12-13 23:27:31, 0x83320bc47cc8757bb0ae422b8a6934995b7273d1, 0x1cdd5075d5a6b2017509f5a1a23e748cf3ce3610, 0.0235, 0.000483
4728069, 0x695bab79e49205a4625ea985373bc36cea60334b9953a245d436b7f11663fb8e, 2017-12-14 06:51:19, 1625697976987483, 0x78c6f4c018767eaa40913947570a0371ae686eea225c060ca6a078bee75b3c81, 2017-12-13 23:28:24, 0xcfcff4b92d6d99ed40ae3bd82eb4b708af262be4, CryptoKitties: Core, 0, 0.00124977
4728076, 0xd2646893a11e1be4a48900402e260635d18749cffcce0b566170e2eb63dbed26, 2017-12-14 06:51:19, 1622522013690561, 0xa4dfde5d57d006aedb81211e40ff12efdafbc007ec417a1ae17487da6e118b8d, 2017-12-13 23:31:04, 0x14023652f6276bf21da3d1df800bf2478894d189, 0xee519c903a8dae2d844e79f9637c169f88961146, 0.2, 0.000483
4728085, 0x4de38fc96e2b85e232429fd66cac83489ecdd5be39866172ff439ca7cebc0bcf, 2017-12-14 06:51:19, 1616189456136273, 0x607cf959ae2d85bf4a84529795b86c6d3386e850454aabfc470677eaed947bb5, 2017-12-13 23:34:35, 0x7ec915b8d3ffee3deaae5aa90def8ad826d2e110, CryptoKitties: Core, 0, 0.00135787
4728096, 0x6569b41ae03daf0fe5c7dacea8b3f86b57cb944004521e25f990002d356000f8, 2017-12-14 06:51:19, 1617766609395238, 0xc0e4716d0df129985b2660f5f76311d0f7b6c01e37b16d435b352a11d615263f, 2017-12-13 23:37:05, 0x6cace0528324a8afc2b157ceba3cdd2a27c4e21f, Bittrex: Controller, 0, 0.007836
4728113, 0x9742d74e6f48ca173ab25483f8b029b5e39ed9a8b5bde6ac6a44b9211e9c9114, 2017-12-14 06:51:19, 1618553061635094, 0xf174ffa5c22242f4f9625855fe5be349b0027a0117a0075aa0a870b36a370968, 2017-12-13 23:41:18, 0x365a2a67f96575b9592b948ecea3dc338b50cf2e, CryptoKitties: Core, 0, 0.0021051
4942957, 0xf71f5891718965757641307b6b411d191214b13e8983d4b7cc4a845db260bc10, 2018-01-20 22:24:16, 2425668848390103, 0x05974c4b38483464de14f30238d02c02143e3a73e3ce344e18c9bf48268e9982, 2018-01-20 22:24:00, 0x08e25e92f0b567289984c61f2998fb042d169b19, 0x01f295d0362b29b585063558976d4275e6c8d270, 0.25, 0.000483
4942960, 0xb6af103d1014943cec47e76ad13686609cf32afaed5a14d0bfb0f134e5036599, 2018-01-20 22:24:42, 2429223231284747, 0x49dce08c1b8e0c0634862833e85f9edb55082872b1a6c6faf4486f1f9fbc0c6f, 2018-01-20 22:24:29, Binance, 0x9ab70a85f3cf4d3ad955c756be59e7804fdecd56, 0.85, 0.0021
4942965, 0xb168898325a7bc3324882dc07859b2a717e3048cc214e066e88cdac4e3439cd1, 2018-01-20 22:25:45, 2428037087783951, 0x40e4791173dff503d4a835379d5b8bebb1a98849b7cc78971b2052211ad4f78d, 2018-01-20 22:25:42, 0x000133f715eadc32492fc5454a70e396b6bc4d33, Eidoo: Old EDO Token, 0, 0.00054267
4942966, 0xb008995ba55a27212db47c8ac6bb6e9bb8087ee22accee13b6937a5e974350f2, 2018-01-20 22:26:04, 2429222652899292, 0x79fd8495b116e206b401fb649577eed330fd79128b086b792efc42aa76fa8cb6, 2018-01-20 22:25:44, 0xc3f4681229549d8bad545d382a73aa724cd13f95, 0xda10d52b34134928a2a0d2645f06c554838ab69a, 0.000061548, 0.000042
4942967, 0x6a4d304e9df1d2e1da4be5028363c874fa77c40a38f41356f384ea900637f038, 2018-01-20 22:26:08, 2428036509156879, 0xbc8e34772db0767c857a35a1c5b27dcd94d5b63981d451a44326b6d49f1e3402, 2018-01-20 22:26:03, 0xbf7efd2c443faf7a5584c41913b5732ef95563b1, 0x13cb621b1dec264cd6a48dacae2faaee9c9a0bfb, 0.68027148, 0.001029
4942970, 0x0da77fdfed7514dde30a86695d4ee19414395131d1e0af61af9819db588fa7d8, 2018-01-20 22:26:57, 2429222074251831, 0x18c3ab79cc3fb1c51eb2fc3cc8986b8f5550129f47528dd573127a955ab4245f, 2018-01-20 22:26:44, 0xaa8c09a4ed08b97f5886e067ea203656639adfbc, 0x509cfbd419e63264d4d92a39b414f2a8531db0dc, 0.0000249167, 0.000021
4942971, 0xc45b897bac674dbf5f9684af57a55b4ffb0b995371b4e4d0b8383cb4a4edc9c5, 2018-01-20 22:27:08, 2430408217973846, 0x4ddaa76e17acabcd5a974af96f277d433ad35a2638b752e95416f7b0728060dd, 2018-01-20 22:26:56, 0x986fb069e2e67854eab10ce5c80f73650b721f2a, 0x3cd0af47b6164647afff94e6a26e2b432473f87f, 0.00447181, 0.000021
4942975, 0xec0309a567d01d08a4f1deb6b28c4d2b3e6ecdd8f5c0a21d7a993d0c795c499a, 2018-01-20 22:28:13, 2429220916563659, 0x56526afe5318aac75d507acda96b12c2243f830790cc503d74330ca3a47c8e55, 2018-01-20 22:28:05, Bittrex, 0xb87c2c3f91e57046f46d5def125f620f09c837f1, 0, 0.00449937
4728068, 0xb484f234dbd78d76c302da38aa960a7e3f7cc3ded0e46d138dad2fa1867f0224, 2017-12-14 06:51:19, 1624904566521844, 0x7475c848cdbfc8b000f699310819a09b477daa99d7561c6020ba1c4dfca7e878, 2017-12-13 23:28:18, 0xa620958b0f7d59ed764e77423960a3cb9321680b, 0xf0b80cfe011b14f23ed8327cb49e631dd3100fcc, 0.001869384, 0.00067221
4728080, 0xab02d640ebd612876ab42ece9d087c17e1c27cd46d885b929a12cda3678698c0, 2017-12-14 06:51:19, 1621729766744604, 0x71745e5a601f8f898fcd8019a03a599bcc607c59d9b16b399b7e3f501eb36429, 2017-12-13 23:32:18, 0xfa9f08c11216ef586aa10733c2cf739e1755e1a6, 0x5b47000ec93171ce0c541d8de88eb81fde2eb34b, 0.016577, 0.00042
4728090, 0x59ce3bf00e55ca192b55368afccff62580536db9d8d5eee8a0faaca363bbff9b, 2017-12-14 06:51:19, 1616978225790281, 0xcd3eba2c1ca23919c09f07ead8dd5ab37b43f66843e7b2d7d8be727dd6a9a685, 2017-12-13 23:35:36, 0x021a61a65243359a804769b5e982b152f068f90b, 0x207c0d05854d431884a70e80f458e2580065ea6d, 14.580462537916795, 0.00067221
4728097, 0x5412b13c4fc97e5cb82ebc1b1d8a3ed497e44635001cd5a30cce32d578712280, 2017-12-14 06:51:19, 1617766609428006, 0x688e6e915a45b32c67c910b3f29558f651cc2417baecb092f4293d58b6287b4c, 2017-12-13 23:37:16, 0xe48c386994b21cefe665e0b1f12f64207ffaf336, 0x950d3bf3371ddbc144a1d73db319c79787d5e57c, 0.034563267196521, 0.000483
4728110, 0x2b71c729b6ebfaf642a2ce6ef7e34c01c5d5edb7d01be9605405c8a5093865de, 2017-12-14 06:51:19, 1619344529271335, 0x8ab848620d0663f89e9660b22d27570c57976c838a908aca5316fe13d4924615, 2017-12-13 23:40:20, 0x5bb724cbb7dce4fd15e86ba5d7a4e581adaa362a, 0x7cf20a1bb4cae92df714eaf760814860ed5f785f, 41.6, 0.000231
4728116, 0x09532f5f9746722a6cc042dc09a5e17ce4242e5e40ff769d364859ee84511d1b, 2017-12-14 06:51:19, 1618551903677137, 0xa5d7c070ce28eac23876b416250c0e53a1c731da2ccffdef777dbc7d7209cc85, 2017-12-13 23:41:56, 0xf08bdf21373a09ab7edd7769a402d3a22826d317, 0x9b44dd8bc7eaf81d59fbb34b73a7a90a7cab1da9, 0.00393723, 0.00067221
4728128, 0xd80e6d636d67504464af115420b568e0d66703d379c39a2a0b6558547f7b1687, 2017-12-14 06:51:19, 1619337192434249, 0x9a579020b0a8fcd04a2dfe25eb43050b98fa017e481897729f1b507467bb7caf, 2017-12-13 23:45:05, 0x413c81ac67977b2c08bc34038c1bd2e7c0f38c14, 0x5b47000ec93171ce0c541d8de88eb81fde2eb34b, 0.27458, 0.00042
4728139, 0xa8d8834f731b18726c65f63d21cba9229234376de248b266cee4ce687e58428d, 2017-12-14 06:51:19, 1616963961793083, 0xe8ace4579c4d7ea46bc7a66e19b34ef009b275213fdb6ddda930f8790d27e659, 2017-12-13 23:48:15, 0xd8022a49671743ea368034c666237012d84a9a4e, 0x7dc35a41c4cb87b9ce4d1581064bd14e64b9036b, 0.004, 0.000483
4728150, 0xfd7cf2ed39a143e18e856e1260385697441a1f5a38e6cf7ff0c450cbff75ade1, 2017-12-14 06:51:19, 1618539939890121, 0x97bb272160b771c6be63fb1ada695d3b95ab05039ada147bc6fec1308214027a, 2017-12-13 23:50:40, 0x207232f358800afa8fdf683662f0f649af92434e, 0xf534277f404c14d479d97b17d6e29b17583a445f, 18.484455234809678, 0.00067221
4728159, 0x7eac9cc7857c1ef9d52e08b9fef16b32a57f75089824eb2cdde0607be7bbb8ac, 2017-12-14 06:51:19, 1617746549984660, 0x6425a457fe6db39d420674ad43110ff610a8bda8f6fcce8589fac272d2529796, 2017-12-13 23:52:50, 0x894694d6ef9cb65c6d04b04e06c51be5ae873b13, 0xdf064c5a36ae8a358576f0c5c505d68975daf93d, 1.4, 0.000483
4728174, 0xcb3dc0567931e5272538f78306d3befdd56102f90049e4864fa7c4939ce751ed, 2017-12-14 06:51:21, 1621697666802555, 0x4e86d1dacd9b9648c8956d8f8489699b6c3403397e4a4970a81d4ea248991af3, 2017-12-13 23:55:48, 0x69a7e83f7fbaab90eccc6ee350d739f7dae82932, 0x95fef236712cb7e180f9f8d2eae004574c28e902, 0.05197673342389, 0.000441
4728175, 0x7b14827e357231c18f345141c148fd4e4818cad50cdc4472162625afdf7460de, 2017-12-14 06:51:22, 1620905822271455, 0x0380b0ec5d8feecec0a210ff923ee9d96effc33767573ed894520474642130ed, 2017-12-13 23:56:11, 0xfaa43d381517663742c1478fb0b71bc6cd3cec53, EtherDelta 2, 0, 0.00012993
4728181, 0xbb037390c7c9233b0a4d44efa67fef5cd18ebdefe3d5ae3d8bb3d62100420431, 2017-12-14 06:51:25, 1619321361187505, 0xe7cf8e8cb72bbc748dc6c5c7cec09e79d5547c4338d4abb05c5616c43f6709e2, 2017-12-13 23:58:04, 0xf6c7ce61a9195e8804e75dcb1e8e46b2ec5b84df, 0xa1c4c564c8e5b819544328c4c45aa5ed11c1e9de, 0.06, 0.000483
4728183, 0x1cd1f731cd59f130bf6429f83f66d2ad2839deb84aef8e9600041298d4825b6a, 2017-12-14 06:51:26, 1616156693837999, 0x725ddc6ce7cab290735f5d300b67158ee9ca44a000d594da27a8bf94fcef6b83, 2017-12-13 23:59:18, 0x1e2d41c95b0fafa9c999ed0e9fc9c8ef1e8c98a9, Hurify Token, 0, 0.00153749
4728188, 0x0a5f82d51b8ed9db227678c2c944cf6ddf3f50feb757721f12c5f1c6fe40354e, 2017-12-14 06:51:28, 1615366399214094, 0x1874c5d9d789f8842811e0b6007541699fb0697c085a0637726a0c1e749f7b6f, 2017-12-14 0:00:48, 0xf29dde2357d9679d703c2084ba5ffd6a0c4782e3, 0xf4bc22cce0d48ab06befbec2d42936a529a2e708, 0.2, 0.00067221
4942943, 0xd2df4b99ecf97240ceda6e665680342e21a2948b80463ddc169b8752c4c1636d, 2018-01-20 22:19:16, 2435182991849162, 0x241ec240b65d9566f5a49cc127f5c778c1100cd7f96e0e672ac99de13ae02030, 2018-01-20 22:19:11, 0x641a2a8887e1f98b0de2fd7a956096535d97ec71, 0xf2e22f5865ffac73b926a01b7b3ad095d368394a, 0, 0.00020231
4942944, 0xbb3268b73dc9efe3ce61356a684e04cd532f3d6ffad5d7a99634eb94d0c46ba9, 2018-01-20 22:19:24, 2437561100370710, 0xcb5fb071870b5ca525d2ec0a32936abb07aab30e5dc2ffe967b71d13f954188b, 2018-01-20 22:19:15, 0x17bc58b788808dab201a9a90817ff3c168bf3d61, Contract Creation, 0, 0.01243884
4942947, 0xdf1665756892decac286fa228d9506fe8e239d4ee705364bb127344f30b29da3, 2018-01-20 22:21:51, 2432800822101725, 0x9c52b91a273fefc54f968f64372b7ce7014692c075e4754ec9125577c9644081, 2018-01-20 22:20:33, Binance 2, 0x958e77c07162df65789ab9b7da3fe36734e8e888, 0.33981713, 0.0021
4942948, 0x26bf3e4a824499e1fa6be994868151fa5018c3f3546f5b87f994e8aee55ff64b, 2018-01-20 22:22:03, 2425673476074301, 0xfa71d6cad1f48e2974c0ac27ff108ffeffc7d6fd25c0d219c5156663e15d2776, 2018-01-20 22:21:48, 0xd3c2a0a10d073e50798e77be54936677036fd807, 0x4939775879c96c7ad7e1a4bee20045a0c3d7e3e0, 4.3124, 0.001029
4942956, 0xad08c2a41c8fceb80b38aface885d03b8385351cdde21bc97687adc06393eefd, 2018-01-20 22:24:02, 2424485017683990, 0x5f6af121e6e943d49b894fdb0562d9257aede9ecbaab3ed3631e89d2172d0faf, 2018-01-20 22:23:56, 0x00fbcec5338e292c16d6a1313d79bd4a6aa0f84e, 0x76e84047cc37556adf4524ba148d867f6ff98bc6, 87.723349884231234, 0.001029
4942957, 0xf71f5891718965757641307b6b411d191214b13e8983d4b7cc4a845db260bc10, 2018-01-20 22:24:18, 2425668848390103, 0x05974c4b38483464de14f30238d02c02143e3a73e3ce344e18c9bf48268e9982, 2018-01-20 22:24:00, 0x08e25e92f0b567289984c61f2998fb042d169b19, 0x01f295d0362b29b585063558976d4275e6c8d270, 0.25, 0.000483
4942961, 0x87a3ec47c1343a9356030b58b9874658f9f9290c7c3d0f9b22a079e68bf78f72, 2018-01-20 22:24:53, 2429223231415819, 0x3ed95058e7f95c917c9dfdddbc8a8f54f61704042a7b0d12a2113d3c2237a525, 2018-01-20 22:24:41, 0x40b718295c68f15037a66aeb19e8c3cf9cb6a425, 0x9bbb9387c9e2477a6b5d81afece00255875c48ce, 0, 0.00042936
4942974, 0x7e864fdef45f146e8323dd6fb4402dbf30203fa9af3a253e58f4852f57a8cde1, 2018-01-20 22:28:06, 2430407638912524, 0x09929d9e83b02e4384ce3ba09d2b1d9ada9849d1953eaf54878914644dcce520, 2018-01-20 22:27:48, 0x33f6b1a138023e3ee1012e8ae05997557b2f2774, 0xbc6e4f1ed7185d5378d07aa3888fe5782b11a1a7, 0.093978949, 0.00002105
4942975, 0xec0309a567d01d08a4f1deb6b28c4d2b3e6ecdd8f5c0a21d7a993d0c795c499a, 2018-01-20 22:28:13, 2430407639043596, 0x56526afe5318aac75d507acda96b12c2243f830790cc503d74330ca3a47c8e55, 2018-01-20 22:28:05, Bittrex, 0xb87c2c3f91e57046f46d5def125f620f09c837f1, 0, 0.00449937
4942975, 0xec0309a567d01d08a4f1deb6b28c4d2b3e6ecdd8f5c0a21d7a993d0c795c499a, 2018-01-20 22:28:14, 2430407639043596, 0x56526afe5318aac75d507acda96b12c2243f830790cc503d74330ca3a47c8e55, 2018-01-20 22:28:05, Bittrex, 0xb87c2c3f91e57046f46d5def125f620f09c837f1, 0, 0.00449937
4942975, 0xec0309a567d01d08a4f1deb6b28c4d2b3e6ecdd8f5c0a21d7a993d0c795c499a, 2018-01-20 22:28:41, 2430407639043596, 0x56526afe5318aac75d507acda96b12c2243f830790cc503d74330ca3a47c8e55, 2018-01-20 22:28:05, Bittrex, 0xb87c2c3f91e57046f46d5def125f620f09c837f1, 0, 0.00449937
4942977, 0xdccb60f22b9cf51f7a135ec0a25d475f259b557832050c6e878b3cb0b3fe4d0e, 2018-01-20 22:28:52, 2429219757916939, 0xd2cefc18b49b58c9ab6b0197b03cf84952712c09c5d09a6ffc483d073c96b007, 2018-01-20 22:28:42, 0xe13a2138f0be20876778c8973c93d524c183c619, 0x41f6fcd47af2b57b88eb04f6a1e5e35bcba61e7d, 9.078024253892264, 0.001029
4942977, 0xdccb60f22b9cf51f7a135ec0a25d475f259b557832050c6e878b3cb0b3fe4d0e, 2018-01-20 22:28:54, 2429219757916939, 0xd2cefc18b49b58c9ab6b0197b03cf84952712c09c5d09a6ffc483d073c96b007, 2018-01-20 22:28:42, 0xe13a2138f0be20876778c8973c93d524c183c619, 0x41f6fcd47af2b57b88eb04f6a1e5e35bcba61e7d, 9.078024253892264, 0.001029
4942978, 0x4fe6a32622b470e42b68951118855f13f19e4e6f17d5e4ddf03c0d9c4eed6a3d, 2018-01-20 22:29:18, 2430405900507931, 0xe6d174d459e0ef8492e3a03f5c8c9acd1cc373ba0c73f8564ba19cb6f491025d, 2018-01-20 22:28:52, 0xcc8be287dc41b43e1e92aa3be87f4e74f619fe16, 0x2cccba3a48889f301fac19c3e0dbce29a98232cb, 0.58375363, 0.000084
4942979, 0x346fd4b068fc2f9e62aab55fccb54486ecf12f4b8b544bb8a9e7ca9d4c878c57, 2018-01-20 22:29:31, 2430405900639003, 0x4a055f125421c6f347b365d6f1d5890576ac0a3a3f462aa616b7713c473b5cdb, 2018-01-20 22:29:17, 0x47681013ad0dd4702802ac5b3c58b34954d2d24a, 0xf0f593622247609d7c1e3a89b8dab0114395eeb7, 0.13189764, 0.000483
4942982, 0x9013e16fd1faf8f0996b357a35b7582f33625e84c2c9d5f644d0411a4e62d811, 2018-01-20 22:30:27, 2429218020492950, 0x0803f9ae9ecf6072bc332f2cde7038a9eb6283fcd622fb1edcf8cca2eefccc26, 2018-01-20 22:30:09, 0x65e2c5175e2e618f48e70343b14c31b280e42d90, 0xe0f5b6c419d0afa79dee5bb1079bd37117f6f163, 1.88642, 0.0008232
4942983, 0x3908232370e2ef8427dfd00ff8554c941bdc715b9a95f814c19f76d7bd65e6d7, 2018-01-20 22:30:33, 2428031879012454, 0x893db8b21b4216a9b77c48d95dcd11a4a3ac164d9608a06e8334a0e0a2d59c47, 2018-01-20 22:30:27, 0x925d0be616f91c131181e7a00800b68466b5aa9f, 0x912d92502de8ec2b4057f7f3b39bb67b0418192b, 0, 0.00009458
4728065, 0xa81a4fc13581ffcfe03b17c49f688041d89859bf497a7fcd62bcafbd6944d85d, 2017-12-14 06:51:19, 1624111543209051, 0xf13a26a0103852f0a3ebf3aceed98b4c0610c7c36d3a361c0d9f2a141c4cf34d, 2017-12-13 23:27:44, 0x6d424130294a7a274f57153e23e01e4e6be661b6, 0x685577351133517522aee0f43c96cb485a56070e, 0.19, 0.000441
4728075, 0xa5256e33682ae720362e5218050bbdc91d10c1fa7b0e3fe2c895d6bf34291d5c, 2017-12-14 06:51:19, 1624108056681895, 0xdb4bf4c8e51b7d5524a624e964469080d6b3ef4d5b7fc5771df3fdf9404532d6, 2017-12-13 23:30:32, 0xd8022a49671743ea368034c666237012d84a9a4e, 0x23939745b0fb305f4f390732f3eb7df7b9698a1a, 0.07, 0.000483
4728087, 0x4b3f4259172cdcc904e8f321c4dee5b11cd3eef8480d512bd6ced546aa19a86e, 2017-12-14 06:51:19, 1616978611209688, 0xda23a06384fff88eb4b8dc71fb0feba559551fe0c0fe78be0c30a224eda14e0a, 2017-12-13 23:34:51, 0xf62c5f031a84127c29fa2be227bcc4feea02a661, 0xd63075ad46b65c43fd1be0b611e2016c1801a873, 0.8, 0.000441
4728093, 0x70793e4e1f0aee93b6c4fce937ea725c6376caf736c27325a797ad114619ddf2, 2017-12-14 06:51:19, 1617766995002626, 0xf82019d940f6883743ae50ae5946036884d81c74405fa23e0ea55e90883cefe5, 2017-12-13 23:36:12, 0x7d53a6af87aa69bbf7679dde6955b0028d636cb1, 0x5b47000ec93171ce0c541d8de88eb81fde2eb34b, 0.86092104, 0.00042
4728108, 0xc3103513b16d8e96f47fb32be7f19b6eab6b07f965bcd0f4ab3a71af500d45bb, 2017-12-14 06:51:19, 1617764295555840, 0x6325fb24cd792c54ee176529ec631654c01b815c16f57f5bde99b20484a5f6e2, 2017-12-13 23:40:10, 0x78a27c5433a14fbd04fb38ab99561454e63dc928, 0x528b165220a26565e00709cbaef7b88fc8600f81, 0.1, 0.00381668
4728117, 0x5a332f5bae4897f6f9ddc9b1db342a1ade5465664e02e3aedb51c46eaff47ef6, 2017-12-14 06:51:19, 1619342212256622, 0x28dc9be84ce0a5a6f6c734dfabff0d1e3ebd42eefc1d8b69bf2e059b7e6e2618, 2017-12-13 23:42:00, 0x7be4bdc110cbe08225555508c0c29ab4a13bd79d, Liqui.io 1, 0.29016057, 0.00067221
4728126, 0x09d38ac2943971229a360ba3772ea42375fc7468e2800dce80469aea4ef36088, 2017-12-14 06:51:19, 1620128270625870, 0x66544cd0e1ff86da0b19998d45bd0e5991e49630bb35ca8b1e265f62db1ecdb5, 2017-12-13 23:44:21, 0x5bb724cbb7dce4fd15e86ba5d7a4e581adaa362a, 0x1353e2cfef65e9da905e4eed3ee1d2c16370a966, 6.08, 0.000231
4728132, 0x65b001e7f0b440e3715e68617fedf97e5d35f03ff97df64f90736e40ba9e399f, 2017-12-14 06:51:19, 1615387206023941, 0xcefda20d19d8f437a70e0dc99fabcd4e03c0416f855d661f5fdaf03fd6176189, 2017-12-13 23:46:48, 0xcf39f38a75adafc612d5ca7936fd16f577f77b8b, 0x9819790048f15d5460d96a25c1e0f0dc1f5a8c38, 0.0029506625, 0.0002205
4728142, 0x444fc46bb41f9fe98cdfa562d30888ae936d383e68948a9ac46e9172501d2fe5, 2017-12-14 06:51:19, 1617753109373382, 0xaf18a626ea2ea7ed3d5cf3a766053e4859343a7b7d489442107621a2b9e2a8c8, 2017-12-13 23:48:48, 0xa259d4114ebf85b4f239968d13284679157003d9, 0x52febe2cb1440f6bb784ec0789f40bbcf1494ea1, 0.25, 0.00021
4728151, 0x5c89b7e329c0f2c868f438756237fa05b97aad4ecb30652441f3b55b18d0c679, 2017-12-14 06:51:19, 1616959334512841, 0x44686c759bedf768b7976ed501fe37076d5ff646717d62efae6bbb2427270e50, 2017-12-13 23:51:12, 0x9fb9b954da80611075d591aecf41400c2ba1b55a, 0x7bf824cb49bfa26d6b9297914b6f7dd0350ed69c, 92.632935287260321, 0.00067221
4728160, 0xd6d2ebac2fe8daaf09883fc4ee1877db6f42769ec32c21edb05a7ef28a8b7269, 2017-12-14 06:51:19, 1618536465325037, 0x39f86e287c1f705e3548c1970033627502595d946301bd8c60c715c68e33c1b9, 2017-12-13 23:52:57, Changelly, 0x449163de8d4a77feb270466bbd5ba33077404d02, 0.586397316567218, 0.00067221
4728170, 0x38b6e8bafc7c2354d7fa26698659802e6d62a4ab34e7602d7a2d24d1699da3a5, 2017-12-14 06:51:20, 1620115908872124, 0x99ee65d2ca7a9f335094d791d22b5eb0785eaafe6ff038a7cf219e77b2d931d9, 2017-12-13 23:55:01, 0xc44d61400639fbb0b2e0e9de639940c75fe068bf, 0x6be67bfeb174d58ee1780635ed5994310e56d413, 52.758339128000321, 0.00067221
4728180, 0x42d09995d582aa96d890948bba6e8b33c31d3553c0964eee5a4e5b9e6d0f72c2, 2017-12-14 06:51:24, 1618531062784237, 0x460bd6dd949f8c188c912061a27a6edfc323e15b4ee033f1b2b052ee094f2f6c, 2017-12-13 23:57:58, 0xab280cc5502474402bce7086d3ae93c1c2f8609b, Livecoin.net, 1.92314179, 0.00067221
4942980, 0xea430302f1527f60a656a00b660ae5e54b432f3ccb710bdad05f9faa98895752, 2018-01-20 22:29:39, 2431592622401246, 0x76bdac59a93f9f8ac22def40abdf7c9387102742f2b95497802fa5c1d3b1588f, 2018-01-20 22:29:30, Binance, 0x5b221504b6b58e3b78ca413bcde39b9c75c839e0, 1, 0.0021
4942981, 0xeae6180ce3060612ee94f9b4fc8eabf245bc2043112ba1fb7ff49cfd0be81712, 2018-01-20 22:30:08, 2431592622532318, 0xd0dd057fd2b1417f4dfe685b849eac9161d47b4b80ea2a0821b141ce64f211d1, 2018-01-20 22:29:40, 0x6df8c05c902b1048eb0f84f8a3faae3bd9f0e33e, KuCoin: Old KCS Token, 0, 0.00154863
4942984, 0xdb7c52c344aa6c5730f921cb5c9d9ed56beec7e0b93505d7f07fd4e66387a684, 2018-01-20 22:31:01, 2429217441584450, 0x14f7b94c50995bae6d7be2a1f30d2b8f4c4a05293539e6ef6e81c5bdef167075, 2018-01-20 22:30:32, 0x7cd5d3fa623bc86cb40ac561ae4cc1a44b7fa647, 0x15eafc29816b34fb8b15dc6727a26de4c4cb2df0, 0.49, 0
4942985, 0x25784247036fab9824165c6731aeedc8ba6312f059acce412b8b4a45403684b2, 2018-01-20 22:31:09, 2426845159057726, 0xa80d87d90d94a01dfa844e112b91043e6e571b8084f2023f287ef26a54613146, 2018-01-20 22:31:00, 0x00519e0f140ed2b6d2a9d5c1fb7839f3db79ea27, 0x5d60e4e803b973324b13e8d2e4e637bf39c2203d, 0.001, 0.0000105
4942986, 0xdc36c9445c1446566582363fd00ad64baeb4da9d29d5cf679ea6f91df51305ed, 2018-01-20 22:31:13, 2428030142176619, 0xe19f149be67daca86924e6e09fb001c690cec981d1024b827ae1ecb2acba70fa, 2018-01-20 22:31:09, Kraken 4, 0xcdeba3b32368250f8dc9248a9e8afb66bf4a98cb, 0.005, 0.002205
4942991, 0x198f3680df53fbda2c7f5f23607350fdcbc7950c29c6ebb8f5ebc8b08932c1b8, 2018-01-20 22:32:22, 2431587405650117, 0x65e13e22f854933afd3effe4896bb3556af2d5833a6d805680857e17ea17440a, 2018-01-20 22:32:01, 0x925d0be616f91c131181e7a00800b68466b5aa9f, 0x28bddb555adf1bb71ce21cab60566956bbfb0f08, 0, 0.00009458
4942995, 0x616146ed9d5b27c882e4cdf2a118a8f43cc03fdf6bfc6c40314d9376224a88cc, 2018-01-20 22:33:22, 2432774124693823, 0x872799ea1438c5a8f4763140831a2e2e8488518f211779b3fae54098cf45506f, 2018-01-20 22:32:58, 0x79be4dce73b64667ba06c05d011fabbc9fd240a8, Veritaseum Token, 0, 0.00086655
4942987, 0x90afb742a7461f047bdede1d74315fd830d2f00bf88674db48166b4121f31b89, 2018-01-20 22:31:31, 2430401265493409, 0xed66d33db9ff00852a0f486e3c7f3d1f671a87246b84df04e17a7da902bc84d1, 2018-01-20 22:31:13, 0x40b718295c68f15037a66aeb19e8c3cf9cb6a425, 0x9bbb9387c9e2477a6b5d81afece00255875c48ce, 0, 0.00042936
4942988, 0x54808a5feab5842f024dc2217c23d0412aa054b2d4a0d7fbfe9ae58033f63190, 2018-01-20 22:31:53, 2430401265624481, 0x5e7bd5f489ce069ca7c49ccbce277b29b05c65d05dcd4c877be989fac7812f23, 2018-01-20 22:31:31, 0xf1fa9a38914e853de933fbf7df2f278701e873df, 0x28bddb555adf1bb71ce21cab60566956bbfb0f08, 0, 0.00009458
4942990, 0xe2a0a2c28ee393edf14e1ed5ae07b451d7d2382b7475ce82d5ae598890556b4f, 2018-01-20 22:32:02, 2430400686433873, 0x6d6f7df211b593d99fc48c1d032352aa6e1ac79a734180d66bafe1fae8d69b67, 2018-01-20 22:31:55, 0x1991f93417658c196bfe991058968dae6ab4bfaf, 0x347ed75c305f4ab85757bfcc5600d9bfcb413898, 0, 0.00004729
4942994, 0xdb70426559196f714b660304ff7f7d0e75fad9159a5c909f4e92a6452276b9c0, 2018-01-20 22:32:57, 2432774124562751, 0x5d3416a894ae0115668d56b5ee510e05770efb3b95a7bfc48a27760ee52e841a, 2018-01-20 22:32:42, 0x40b718295c68f15037a66aeb19e8c3cf9cb6a425, 0x9bbb9387c9e2477a6b5d81afece00255875c48ce, 0, 0.00042936
4942998, 0xe6618813b61cb68c003f975e2f8fb353084ebe233491d4d388ae4b623552c53b, 2018-01-20 22:34:56, 2425646278823619, 0xe595eddd9be97cf0ee16363fce9dbdc528ab168fac99fa7459b16d582ed37b34, 2018-01-20 22:34:35, 0xa639e92f26a54f2f7cf6dc2fbb5aec280c6f9f63, 0x23e377aa59df7ea0720dacff5c7b2ab44f4c2007, 41.085264232826532, 0.001029
4943005, 0x2c21b5e0b0f276348309ce090d1733512eeb4fe45b860a7287704066f67f02a0, 2018-01-20 22:36:26, 2429199470838364, 0xbf41f8122e942f22da6c6b44ad48c2d73c883e656342097d2704cc4a4667099f, 2018-01-20 22:36:01, 0x00bab583d9ab11805aa6aab40c318217b3e132c9, Binance: Contract, 0.006, 0.0110654
4943008, 0xddc92e6aa07980b0d38b4f8c7af95251762165fdf1915c0824429cc287049ef9, 2018-01-20 22:37:09, 2428012759794033, 0xac4ee3c0703caa3806d275c6f7ecf9b86ffe01034e14fe6d423b5f3d97e53974, 2018-01-20 22:36:54, 0x40b718295c68f15037a66aeb19e8c3cf9cb6a425, 0x9bbb9387c9e2477a6b5d81afece00255875c48ce, 0, 0.00042936
4943016, 0x8de7f39396da062e57f9011d9d099939dfdd3f635dfd2e742d2afb31965e9ec3, 2018-01-20 22:38:45, 2432758447696179, 0xa111309d68b3017cfee4352a74c50458a442191351de27b03dd9ed0c4601a75e, 2018-01-20 22:38:20, DwarfPool, 0x457c066b7d0a6d59cba85ae2b571a3c755ca7e3a, 0.10239909, 0.00042
4943019, 0x38be412600bf27300b1a745dd14b9ed2c048916e52b5368ad4a82b8dde0be6e3, 2018-01-20 22:39:16, 2431569998022068, 0xb84710f0a93819d5f9b4528a78ac72722420f478680a09cda06883e1a38c94d3, 2018-01-20 22:39:12, 0x40b718295c68f15037a66aeb19e8c3cf9cb6a425, 0x9bbb9387c9e2477a6b5d81afece00255875c48ce, 0, 0.00042936
4943022, 0xf9c7b8330877deaed561e4749bfe99ce0f3f6bcfc89046a2c0a531d5f4713184, 2018-01-20 22:39:28, 2435133608007228, 0x180cbabf2ec1e33feba03b345e2a67ccd8f7279807e4c8fab8c15428e02680fc, 2018-01-20 22:39:21, 0xabaae1e66f5a9462029f7de7f491d6af5da9911e, EOS: Token Sale, 0, 0.00004555
4943025, 0x21c1ef042b085551901cf4add2cc2db68c80c9a2ac89547b4559c5a778ce2a95, 2018-01-20 22:40:19, 2437512249145735, 0x8a7c899a023806984974e0d87c0d49c9a0379201c2a867d3f392c1d1f5ee12d4, 2018-01-20 22:40:02, 0xb01cb49fe0d6d6e47edf3a072d15dfe73155331c, 0x6908112c06e3da411d8070a011e48fa1448599c7, 0.3, 0.001281
4943027, 0xe79087b6fd8edfbc35dd2280ba0b09cd665f27efab7ffc2e78edde7a27ed0742, 2018-01-20 22:40:23, 2438702440935846, 0x880ec67999a5e95f2a7157ac77309bc4afba4fadaea6d8c5914e2d593bcd7d67, 2018-01-20 22:40:21, Kraken 4, 0x90fc671c6c43a3217843935f52d67cecd71f1449, 0.4277, 0.002205
4943030, 0x0bf3c8cfca9948128eb0f90d09c972bf4bf201f502f05c30765891724091cd08, 2018-01-20 22:40:56, 2442276503937783, 0xe48975bd43981e3da08f97aea5df17ccf2cf342b2129f08c49709e61630f07de, 2018-01-20 22:40:34, 0x273ac2d6b87ebc2b63b3e02bc0aabdbc2ca6dce2, 0x912d92502de8ec2b4057f7f3b39bb67b0418192b, 0, 0.00004729
4728072, 0x24de33d4f2ce940a7598025e90e66b54f118b8c9e25e4e7f4000072d3a68e6d8, 2017-12-14 06:51:19, 1627285960363071, 0x704c7155dd77515195f86973d840cf299397acf6c04981de0e56b8fd6b16e90e, 2017-12-13 23:29:04, 0x44391db88786428a6fbb7879de4f110fd631d1f3, 0x2b2ff1c7a685548cee07c40234117c2215f19f6d, 0.399559, 0.000441
4728083, 0x329cc55a76fc7dd3960821aee35df7f7bab386471298b76b32d1e11950052910, 2017-12-14 06:51:19, 1617768922828283, 0x0392cfde313e3fe2b26744e71dcd7f01153505e424ea7370248fc7fabe736cfa, 2017-12-13 23:33:54, 0x5a52567ea2ba8c82f17a94b91b072298cbd99fd2, RipioCreditNetwork Token, 0, 0.00077964
4728091, 0xc0bc9b3acf984a3d568d1aee8fa0d393ac413513b534ad8399abf55093e83b11, 2017-12-14 06:51:19, 1616188685673738, 0x8e303c1b7d23ed1039f829a67fe831710a482416e0be3bd2a625b82191d171a6, 2017-12-13 23:35:54, 0x0ecf8f6e79e47d115423f6d4a4fbf109397d3682, 0x69825c18291618b31a80b4e49980d04c3ce5c939, 0.01, 0.000441
4728100, 0xcba7bdbd946e64d127b6b95be90fa653ba816d932163865531e68c907e101a09, 2017-12-14 06:51:19, 1616976684424051, 0x6f8ae6cf6b12548cfca2463ce2a6b448592ab460a6b7dd54f1c85bf68bee5325, 2017-12-13 23:38:15, 0x9fe0187834e927639a81495b0a0b6647593a27d5, 0xe8532741f69c056d6282aac83438dba9e348a982, 0.002370220702517, 0.000483
4728111, 0x8fa879fd64e8b80079909994a4632d04911c4f3bb4c16d5d6ceca6fdac29ab9e, 2017-12-14 06:51:19, 1617763138162237, 0x7736f41919af08c1a3109ef4799bc95d664c3fdc5b486da345ab0a716a14bae0, 2017-12-13 23:40:50, 0xe224ba1d6c030022c5cc768c299a810f0fcc5538, 0xc18334faf01419202f28347506986de94a86de8e, 1, 0.000441
4728123, 0xd4453630aa47998ac9fef17ac6901fca760af8abe01fd398d6fee7cb4342c824, 2017-12-14 06:51:19, 1616968201556069, 0x03ebbceb9bdc3740eb6fbc99eb1a5f4fea28e396e9d8427c9d899c63e3f16d44, 2017-12-13 23:43:51, 0xab26b0dca78b2c05cb0d095e34cc8078c68afbfa, 0xda9f3cec05d59ac31d8b17b6ebf0e4b0481b5cb2, 0.05, 0.000483
4728131, 0x3f6111909e71bddd15e2c7caa3a929be3f334943cf9cee35138fd6387dec9df9, 2017-12-14 06:51:19, 1616966274618729, 0x593199a41558d0af00b73349640f5f09a2868fd72a76da571938081abb58b2a3, 2017-12-13 23:46:15, ShapeShift 4, 0xf66ea4104aedacdd0b6fc76eccce801a5d0d8040, 0.8608785, 0.00109221
4728144, 0x05305fa4e480add04c534966be50e4fb451a1778bd5048d6a26f4a23bd5b877d, 2017-12-14 06:51:19, 1620123636375052, 0xc7399d0546a6db39cd1dd90917f63eeedb9926366c6b4d793da224124dd1b084, 2017-12-13 23:49:04, 0x8fffd1cecadd034e1756809d1d258abff62cc3c8, 0x84b51f2abcb4353092d40b5a2e082417aa35c861, 15.122626924279678, 0.00067221
4728153, 0xdef47b6ae66941cc2307e6a0eedeb14f7ae89fd7e13d6f70210a6af424e62588, 2017-12-14 06:51:19, 1617748865503448, 0x067aa98bbc3a9e5d5075719f9247be791a5412aedeb485975ba2e1670646bb05, 2017-12-13 23:51:33, 0x022aff19c826d8a4b01246eca46246a7a8c83bbf, CryptoKitties: Core, 0, 0.00135947
4728164, 0x2c1108a28dace5cab87b3041402d9898bca78124b8cec9b11a7638e07f2331e2, 2017-12-14 06:51:19, 1618536079566897, 0x264cb959c3ec0b313ed02fcf0f8e642b878c5fd515349364e8ecd0bac7976649, 2017-12-13 23:53:50, 0xe345fe21eadb1f1ba8eb138fb447caa6893b8d3d, 0xe217dc7b5b1e54f4e6660214094ac4eca682abc3, 51.890530598519678, 0.00067221
4728176, 0xe34dc306eaf7186424ee6a8011a87f6776e6df76f01600a512f4e548053fafc6, 2017-12-14 06:51:22, 1620114364383193, 0x533610ff1c85802c24d8884967dbb84d0a2ccb2460775137e3b0010aa82ec9a7, 2017-12-13 23:56:32, 0x67f532a5bcdb6ade737ed60375c9fd8468aea2f5, 0x468a138bafc2d4c263446d1ff6a80e8c1d50aaf0, 6, 0.000441
4942996, 0xb275f0beeda4f89ec45ee5e5b76b900beeb34051863cb01a24062200f2c9619c, 2018-01-20 22:33:28, 2431586246834322, 0xfcb2d66241603fdea73e06e33409e4c39ae7b93023b0bcaed8f750374e98195b, 2018-01-20 22:33:21, 0xf316e9af231c1c5004540c220c78627f8a9f5419, 0x5ab83526c2d909ce7e9a6023da68e7c041c1af52, 0.016, 0.001239
4942997, 0x3e38e7f525fb08b5a4e6d7e69e3f5d60dc20e192e674215982f277a78813f44b, 2018-01-20 22:34:35, 2432773544937481, 0xace4b0be30eec5d7603c1b7d1a18a8cd2b721518f3647d885f95cd50f3685037, 2018-01-20 22:33:28, 0x273ac2d6b87ebc2b63b3e02bc0aabdbc2ca6dce2, 0x912d92502de8ec2b4057f7f3b39bb67b0418192b, 0, 0.00004729
4943001, 0x8ec636d5c2d9332f8d191a96f98d0abb217b010bf572a6f2f0c2c67e1265a8bd, 2018-01-20 22:35:33, 2428014495527414, 0xb1b351b2e82c1191c3708a876bf258cc8cde53ec41b932688bed7f9fd249acf4, 2018-01-20 22:35:10, 0xb3f2212e9e8e2fe66d2e308c57ff375c72ba4119, 0xb3f2212e9e8e2fe66d2e308c57ff375c72ba4119, 0.179999999999999, 0.000063
4943003, 0xee9632d4e17e623e3a105e916a6ee4e1c6537d793a668e02cf47d7420ac07e95, 2018-01-20 22:35:46, 2428013916905856, 0xeed6d38f6c4669d523c236fa90161a85b6f4372d358aa0a1d5471b5f4a0dffce, 2018-01-20 22:35:39, 0x0fdd2e3c913e5b8283228965e935ac5d9ca6f294, 0x7238152a500d8eee6cb8ca9270115163ae0df74e, 1, 0.000063
4943006, 0x076d8188449231e67f71b39289fc18805a1fda627c0ff3573e6acc2140d0d7cf, 2018-01-20 22:36:47, 2428013338415316, 0x562b009825d415b3a28275ff8fbaef3e1b41617c2e15c0271528c7b2bfa6354c, 2018-01-20 22:36:26, 0x07510be05c86ffcbd0261ee025a2a6513b133167, 0x56f3fc3aac6dd64cde2e78b6a9ed368d0b7831de, 2, 0.000063
4943006, 0x076d8188449231e67f71b39289fc18805a1fda627c0ff3573e6acc2140d0d7cf, 2018-01-20 22:36:57, 2428013338415316, 0x562b009825d415b3a28275ff8fbaef3e1b41617c2e15c0271528c7b2bfa6354c, 2018-01-20 22:36:26, 0x07510be05c86ffcbd0261ee025a2a6513b133167, 0x56f3fc3aac6dd64cde2e78b6a9ed368d0b7831de, 2, 0.000063
4728236, 0x1bd341e0d74f241940da090065288ec1a674e6552e807a1d0b2a009678fc4d32, 2017-12-14 06:51:51, 1620887651201443, 0xa45dbc19b328d58bd65d06c82265a1a6540451e646e3f60a23c798b6bdaca42b, 2017-12-14 0:11:31, 0x9037382b938117d4a147f460c0a313bd9b793c22, CryptoKitties: Siring Auction, 0, 0.00029093
4728238, 0x6b84e2e24d243fb09b94a3545a679ff2606e4f7a9a1f9c5acecb462ba4be1c8f, 2017-12-14 06:51:52, 1620887264817264, 0xffc6e5f2f09f153a36b400cc3ed8d7fc2ab4b5711602892efd2b491aae7ff248, 2017-12-14 0:12:00, 0xd752868f9a18c469675cc1bfe7640c1138392aed, 0x062817061861a1d03b843071e704fd678cc65210, 0.04258350163003, 0.000084
4728240, 0x90eff5826d33c83e7696181ecf2677acb3bf64769f7d6f45c224afc72599ea4e, 2017-12-14 06:51:53, 1622470549052002, 0x293adf24b3509e2fd04b1280afd7f7f0406c874bf2fc4ce0abc50228be83f6e0, 2017-12-14 0:12:07, 0x33470fa7b4aaa69c4c22fff7bc5e9986ca09a8a6, KuCoin, 0.099865558, 0.00013444
4728242, 0xf23d47563c682d08e39680f53186d7f498e1a780b7f9b7d5ea66257fc9e488b8, 2017-12-14 06:51:54, 1623262771065317, 0x7da912b11de34f5e0ad710449c2af0267d782ea8b47d1b4119808d12b7a01a3c, 2017-12-14 0:12:24, 0x33f8b85987b5b464c0c60ed938dab1579b368f8e, KuCoin, 0.099865558, 0.00013444
4728251, 0x4ecda3d91d50c43844353debd08ad91b018434b3dc17a9fe4db9d679a4996417, 2017-12-14 06:51:58, 1628818002474248, 0x374b33a20a54de8bed0e1032224531ef631e363e11a28974cac82470ba068974, 2017-12-14 0:13:58, 0x13f461bfdc59545f1ec1b1aab1ca24198728a994, CryptoKitties: Core, 0, 0.00210414
4728252, 0x53956a26878d175a76c8e5b7c6826942a804d23cd9be6a3346dfc944a3a06b99, 2017-12-14 06:51:58, 1628818002507016, 0x8c1f3ad27d507dc4bcb5130c3b7f1ddc3dd6de4a0cd541f0c5973a6f8ef136b0, 2017-12-14 0:14:13, 0x47aa91342e544813b2a62bb4f5884830fd2100e8, 0x0810f08a3403ce7d98e458d139610db748b35bda, 0.6, 0.000399
4728257, 0x4f0254cc0f4bb068fff575d43cbf74ba6232180d91e67c16af2ae94b8d1708bf, 2017-12-14 06:52:01, 1631205131752883, 0xa422429ad5bdfc85f525238ce0931cc6026ab3927e66968d171bceea583fcc6b, 2017-12-14 0:15:12, 0x35465bf6bbc15c29421516e4f55167b80ae3ccf7, KuCoin, 0.0999076, 0.0000924
4728258, 0x7ff1485aad08164f9bf79b1789c0610f516695bbadb44aa5a105b46f06a7cc51, 2017-12-14 06:52:02, 1630408644904913, 0x30b8c75b7da6d23350a41bcfa2b6736d4e4de4971b61b882dae7d179085bf5e0, 2017-12-14 0:15:33, 0xc7991592db255c55ed63b23d03db7e9aa00e3561, EtherDelta 2, 0.001, 0.00014746
4728262, 0xe4b60c90ded2757bf692177cf0205f9204840ea6936c5cdde41cc16f12af2ad2, 2017-12-14 06:52:04, 1626429323047530, 0x6f8745687da9f0b1d4316c31f7de0d441afc03b304df7774295057359a0796be, 2017-12-14 0:17:20, 0x83232c692b67a16fd7a2552b27e3b6dd834d244c, 0x1ff7d7921dcf711e49de4fe57b988512269a88a5, 0.32732779, 0.00067221
4728264, 0x2febf25f6c6c99d49944addb59e5d8752c32c0c54c2790215b9290b2c704b744, 2017-12-14 06:52:05, 1626428935342114, 0xd2d62470ef40732d9ccfaea209e1c652fdb703a2d719263673fdbb595bae9e2b, 2017-12-14 0:17:57, 0x174facfd8f5d4c37bc05404348799ab573f953dc, 0x8375873f16e38e7d216bd1b28779e3041ab8320c, 0.150217, 0.000483
4728273, 0x3595771fa79e8eb3866abda6efbebf714d286cf41f240517fce1e3b3c996bf4c, 2017-12-14 06:52:08, 1633589525891309, 0xe418a06b984128beba2a031371af981e926d6d446a9bfeaa394ef5e5e008d31a, 2017-12-14 0:19:06, 0x5e287ef8c56bc1ecd7aa2903e7e9eb2f542d5d8a, 0x56b2ad7e9b6f7af4ae6347002a02152e25faa7ce, 0.529, 0.000483
4728275, 0x1fc01bdc1f52187bbb3644d75da042b2aea35050d4cd27b49d7991203feb23cd, 2017-12-14 06:52:09, 1633589136478736, 0x7225351d7ffdd893b07f125a2b0279f9f8aa3049d4bf0e5f5fb0843b0fbbfb7b, 2017-12-14 0:19:32, ShapeShift 6, 0x3fb0aa1376088bb3a84fc159936caacb01aaaef4, 5.82958073, 0.00109221
4728277, 0x2fa2c2fa520135918ad9b0585efb41c1605fd19fff6929a09e26ae0e212038b1, 2017-12-14 06:52:11, 1631194625795566, 0x60d2bc45da45e9ab0d7021f38899cf10a2747f84494e7178bbeb71348d368420, 2017-12-14 0:20:39, 0xb9d31e15cefce60e04b5d9f64e1d6705ec590f02, 0x4312248d92432175acfad8d7eaa4b48b088f71f7, 0.57931226, 0.000672
4728279, 0x4b187c8d18e15a40f38e672ab2e5f73a26fa065cceee0f2254f7b5269ac32684, 2017-12-14 06:52:12, 1631991107611994, 0xa5367d5f3316d09ac299c54b5adca4d58e15b9b54602ae74eac4748ea853b418, 2017-12-14 0:21:00, ShapeShift 7, 0xc499c982a4091b855cb26d6e6c81dd0f687b823b, 5.25462407, 0.00109221
4728280, 0xe5f00c926623295270ce209dcd25a8ae732e0386552ac5ab34d7e2461e701bd4, 2017-12-14 06:52:12, 1632787978302775, 0x9d27f40957fcf38ba0ec47b946e2317017b82a7db70e2be8f6d647a08711be21, 2017-12-14 0:21:08, 0xe65a88f487f5d26469cfd37ce7ef763d6d9be454, 0x9babe60feb3df522d4ad188a94703b0d7708ec9c, 0.00265273272, 0.00067221
4728283, 0x6a18310b5a05c718fe36d518740b1c0c2eb5895c865128642f436b11b7c1a753, 2017-12-14 06:52:14, 1631192291029953, 0xd1f860db29101877718991f21906d816b8ca45defdb2b39150861b25511c808e, 2017-12-14 0:22:05, 0xc40ff40edf69b1cd1ea53efb5f4463ed57156caa, 0x0038ac785dfb6c82b2c9a7b3b6854e08a10cb9f1, 0.638107, 0.000693
4728285, 0x4026a7be52d8f0e30c7c98230e3323a0d94b3251c7e183a447851380293ed0c8, 2017-12-14 06:52:15, 1630395810484635, 0x2f5832128d2318e7c651e7c7fcde1866ef6696bf0448057e42ef0eb9fbcd4656, 2017-12-14 0:22:37, 0x904322d5081af43df275e8402084419316b90300, 0x0dfcccf07a58eb24aacc4974f4a06fbb2efe8a61, 1.040613960231652, 0.00067221
4728204, 0x082cdfab7c36e05839eb9f690194a6b4b0b25c5728c775d11d43707aa83f7304, 2017-12-14 06:51:36, 1621685672446575, 0xcdc90f1d08a949a5703b002086713c2263853a06964afbcc34f641d9b04dce3a, 2017-12-14 0:03:56, 0x5bb724cbb7dce4fd15e86ba5d7a4e581adaa362a, 0xe6921ffc05e61f4897f732d51ccdf0439c05a599, 6, 0.0002625
4728209, 0x1edfdf9a6b79bf21df16317e1388582170e6bd79142eb9a8a57d4a1edbf7ddfc, 2017-12-14 06:51:39, 1621684899330519, 0x9f621c19248d1d41e472284921bbd3a1ede860834024fa77bd221b51db64464a, 2017-12-14 0:05:09, 0xf044a0b72b6b7270f649f9d573d772e8a6017da5, 0x23b66b61a0fbe235b380ce951a3724b527ceb173, 0.00151921, 0.00021
4728211, 0x0eb32eadfcfb9e162a62d875ca8c25b5a1d877e350c1ee8e1ad057f3d396932b, 2017-12-14 06:51:40, 1619310157686390, 0xb21de68a2f277edd3d53dfd1f4693ddee2b5d3d0ac97b86ccd62c77dae79a8ca, 2017-12-14 0:06:08, 0xb85ca3c865fb7da114017ffadf40af0f9e61bf30, 0xf12ab46ef54e55be988b1a6b55195c3151bb1def, 34.126614131064037, 0.00067221
4728224, 0x3a672678f9627b29df2c3fac4f50eade0cb031ae5ea9dea22983085fc098e4d8, 2017-12-14 06:51:46, 1620890355959666, 0x42f143e346d59a604b648e8e9b3690970c60a17669e95943fb250ef6eb886eb4, 2017-12-14 0:08:48, 0x9c964a82d2fa0afe7135c0a235487d629122461f, SunContract Token, 0, 0.0013197
4728230, 0xa1048f6433fbf89a0ba349d765b0f91ad5d56e8fb3718f7f4fbfefc4c667e1d6, 2017-12-14 06:51:49, 1622472096033560, 0x63cb3529e6a6eb344410512baa6d22ad6d1108dccf0870f654f8e0ad56808bed, 2017-12-14 0:09:59, 0x8097b453493c346abeff26cc8b10ed8dde7cb92d, 0xfba162d3070ce2b12f2abfe4ba6ca30657dd0d63, 27.928220254935962, 0.00067221
4728248, 0xb6f2febd8f0cd6c8a3cbb43c92ccbe9796d5560fe8a79cd72eaa54070bb9f671, 2017-12-14 06:51:56, 1628818390716542, 0x95e88213f7a526f82f0564ebc78e7953e9ff52c66fcdd262df0bb4f60a42ef7c, 2017-12-14 0:13:07, 0xe7a1c84536b859553ebc703da7184e037138532a, 0x0c8b505ecc0c12864b81f0f073cc5b729ee6a0ce, 0.01, 0.00021
4728250, 0x4d48c8b5ba8d3f80243c1ae39f6578b68b88255411a964daf606c08339654322, 2017-12-14 06:51:57, 1629613712261920, 0xaf87d130c320e6afd16d94ab1f79ff1f2a5f684dcdb88900eb9e5fcafa3cadf8, 2017-12-14 0:13:33, 0x434823b37229ee3afe34493c597cf771eadc1355, 0x8195137f69a96204627457840353e0d3c1b1bf5a, 0.010418927718688, 0.000483
4728254, 0x6bdc312021f237401ff28e688944c4134d18a97f8e55e6579e3192af32644ce9, 2017-12-14 06:52:00, 1629613323862854, 0x6942e4707619e40c2c780038f2015be791d658c23a2a84a283ff708179ad8316, 2017-12-14 0:14:37, CoinExchange.io, 0xe043f8b9ec2f024ce1b887e68bc5fda8ad4fa0c1, 0.00054875, 0.00067221
4728256, 0x3992faaafdb474fccc54d99766e31f871f329f9a410a0a80173d4a7e82846154, 2017-12-14 06:52:01, 1630409033559198, 0x098b074aad2a4cb27b9b88fe3b4de1ec916574e960890560d859f5cdc07c1606, 2017-12-14 0:15:06, Bittrex, TenX Token, 0, 0.00189357
4728259, 0x855a5651be8af28b85ce86a7a7614c716bf2b53477476eed3660cf9503482e7c, 2017-12-14 06:52:02, 1628020351024249, 0x0a638b8fa31a5e615be36d84ed6a1f950cfba36acb719605a31c9fec2279b71e, 2017-12-14 0:16:10, 0x00634f82505c410c1b719dadeeb8d032c1ac1f1e, 0x405f89257db1abd2940a4e58ba49cb9184fab69b, 2.16029163, 0.000483
4728260, 0x60d11f92ffb63ffb4b57d0c562ed61e1cdce5c2a0d40eb71c14964103eaf36d9, 2017-12-14 06:52:03, 1628020351057017, 0x81c65b2fbd50d8c317eb32e6f31d8c6889af6859fcb0a08972e00137c5e4b7cd, 2017-12-14 0:16:23, 0x0d2092f538c98d2d9dc2ecc06501adff79ccecf5, Request Token, 0, 0.0005593
4728268, 0x3ad392c3f2fc5320627b9d594c52bfb7e22e86fb46b41b489341ee229dfdad6e, 2017-12-14 06:52:07, 1630402812165625, 0x729197977f95933dc1ec0e694d2570641ea52da4fe1c553f223c4effaef96fb2, 2017-12-14 0:18:34, 0xf94c2fb2596d1a1e448090cb8deb19e079e396fd, 0xcfc60d3baf7155bf143914419152c416c451a5c3, 0.028173140854435, 0.000483
4728278, 0x33d94e7a7e8f0cafd161e709aa820730993f9ab304dbf06224bcf6ae30891c34, 2017-12-14 06:52:11, 1631194625828334, 0xfac590888b9b6d5ed4775b63e5fabdb2f715f3e0e015042dc2a834568199aa9b, 2017-12-14 0:20:56, 0x353997f216a7ad4b53baa63243e0a7abf253405e, KuCoin, 0.099865558, 0.00013444
4728235, 0xe3a27c5a7770dd172fb2858ce1382edd0d36d6ce6bcde73021e8515de58f30bd, 2017-12-14 06:51:51, 1621679486855616, 0x27713a32cb71eb58dbedfd0c9eee4ede213c812376bb68cc5024c5444e0e6a1b, 2017-12-14 0:11:12, 0x18addb4b0ea01ad018417d7de4e37b9b6d35c734, 0xfa15cac669c3735a266cd33a30f031112bc4d95f, 15, 0.00044181
4728255, 0x6a559201441ddf3fd8c262bf26ff868fd81e47a8eaa1aad6ef17bf1188a57d46, 2017-12-14 06:52:00, 1629613323895622, 0x8e977ca8aaea79ea7f442a6f720c2d7efdf1d0dbb904427ef46616004da8c09e, 2017-12-14 0:14:58, 0x5f06fc2a5afe54e926a21fdfef056f93a7f1e6cb, 0x9702d4fb96290059c45ee9671bfbdd8e91f2ec3b, 0.00166384, 0.00021
4728261, 0x52983060152c45f8c735645407c104d12718f3010927a5065ea16b2a74a596f9, 2017-12-14 06:52:03, 1628815282901824, 0xa34b0e2ed55385f5b1f80a5976fc9f8c18483df99113ea2b2abcf945386ed78b, 2017-12-14 0:16:37, 0xfbbc39fc1263f952184be5414c484f92c25f809e, 0xecd5626ff6d832f4ea3a2646c888cbe9bc975760, 0.055572501186214, 0.000483
4728263, 0xa2fb527f7ed069e609d8108ab6379fe23346a970f9386fd70fbcca4428c437ae, 2017-12-14 06:52:04, 1625635168137404, 0x488edddd081fa221286a3677995ba0a32f6378f4d15925e9dea502d899a16f5c, 2017-12-14 0:17:41, 0x4a5d6d505ef16b4a973e09bd9516ed8108bae8e3, 0x72bc089195cc09b6308fae915f7372b6441a42ab, 0.26, 0.000525
4728266, 0x060921e25ff6eec549005d38be565189563c4fbd1f27d49731666f610facd4a7, 2017-12-14 06:52:06, 1628017244914852, 0xeb0410f3d7fc6fea3800c3ad893d75ecf3ff2fdd3b39e9e6701b627f6e4b80b4, 2017-12-14 0:18:15, 0xe2a5b2384a70b2f53036cc0bed974d00b8fb5147, KuCoin, 2.878066039917782, 0.00013444
4728270, 0x5c174491b63f7e75550c5f827e58e86190308d763366d93732cbaeed4946e0cf, 2017-12-14 06:52:07, 1631995391195753, 0xd27f346a002bf0613c3ac129a3e1efa8a2be15f3aa1766323c3daf8d397f2777, 2017-12-14 0:18:49, 0x174443351e21d47ed9ab51517a301107d92ede64, 0xcac03599e781554e8b5fcae13d148b93647b8698, 0, 0.00115985
4728290, 0x8c37da643a0478e3a0074d8bebccfd6d7edb1d58db3ebd84cf1a9d952cfadcb4, 2017-12-14 06:52:17, 1631191902352813, 0x20074379f5be136c01d7288b19cc43eae24fb8171a2f4e393b9cc281d23a6ce9, 2017-12-14 0:23:53, 0xcb384a28021b1188a0381bf744fad6a7bfbd263d, 0xf22949c957fcd6921ef1844137117e35c7a5f617, 97.165657877888347, 0.00067221
4728298, 0x1d4553d052e741db069d8c87e387b9303e06318dfa72450f8984e57ae39f5f3a, 2017-12-14 06:52:21, 1626410308381019, 0xf74705d5217bda0cbbcca5454df9d02e5620bdf0a3847c25568fcd9213304a1c, 2017-12-14 0:26:48, 0xf6c7ce61a9195e8804e75dcb1e8e46b2ec5b84df, 0x42d2842834486ee2a3a0f5dc4af839e641e1de09, 0.06, 0.000483
4728299, 0xe3387a216eb55fefbfebda4d1992bfbe4605dcb3f050c759bbb470c1b0783021, 2017-12-14 06:52:22, 1624027871438620, 0x3132c0697c996ab1c0f32c01c6a4fc4fb5064e50506c32ef58bfd404294eabcd, 2017-12-14 0:27:24, 0x7c74535c584d91595ac89b076e577137e172af22, CryptoKitties: Core, 0, 0.0014936
4728304, 0xe6d59d8b4acf83f93901bfe70319b02d0ec0633ee93e6a128a8902949dc681ba, 2017-12-14 06:52:24, 1626407980464187, 0xaa5a0b0fb831340a915ce45a072731f56c9097c6868a51c46b6e9ba872852bd2, 2017-12-14 0:28:26, 0x6fc7b349d8a653aca93f64bb28098c981ededab3, 0xafac615d3aac020511a77893e122f37297526538, 1, 0.000483
4728309, 0x4c0634023fdfd95127efe934d54000266eddf6621f7fb00ea4db5db1ea313532, 2017-12-14 06:52:27, 1627201349239329, 0x2a8bf31aabd985d9ef5e2e81728357652caf880f1e7f559001aa88c47f9f23c6, 2017-12-14 0:29:22, 0x853a49d47f09e5a0dde73cdd7e15c30f918d8ed4, 0x09bee791135337003f9e5a666bb55a4c6e8daad5, 0.015289068, 0.0003276
4728312, 0x91c95beaa22457a36889d692e691527c1fd906031e09e25984b8456d3eebf670, 2017-12-14 06:52:29, 1624816201790965, 0xd5e4ba25de27008cfeb694ddc5467323fdc312e071c5f00eca20c4d25a56814c, 2017-12-14 0:30:31, 0x6071bdb71077be5230a9f9fba29c2a15d677477b, Kraken 5, 9.998634087531886, 0.00128921
4943035, 0x7e741251e6bc9a34f8d803e43dc04107c4baf55bb76f0868fc57e47550ae09d4, 2018-01-20 22:42:33, 2436316828313175, 0xb89ddbd0436e797ec0f811522986616eca45f1e2ecb08e44588e0d568dbcd815, 2018-01-20 22:42:19, 0x2d6a869ba8498a1fcc9fdd93577151b937429af8, 0x973a5ba833b9f408bad66da848d224f6cdca4508, 0.007677, 0.000063
4943036, 0xd5861964ac0f99d4b2bd2bb00d84daa3bc3f609360c36e24ec685b1481e2dad6, 2018-01-20 22:42:44, 2436316828444247, 0xd5caf99b4d6931bdedf4000152f3cb482be186645bb09d66a8167ec5b1fb308c, 2018-01-20 22:42:32, 0x6cace0528324a8afc2b157ceba3cdd2a27c4e21f, Bittrex: Controller, 0, 0.00092551
4943039, 0x72b46eb3387f376d3886a7fac290ca3c4cf0043185f1998a67b1885928b242ad, 2018-01-20 22:43:26, 2437506436663915, 0x0565f31175a29de366929829fad3236619a3f6b72a4a381ef2cdb09ecfd4345f, 2018-01-20 22:43:06, 0xf1fa9a38914e853de933fbf7df2f278701e873df, 0xf9208661ffe1607d96cf386b84b2be621620097c, 0, 0.00014187
4943042, 0x070b5e4a02046a9eb0b9286331f4f761e27040cf53f3c79f735ce7f9d35c530c, 2018-01-20 22:44:08, 2437505855910246, 0x66a93299d971b42f838b6782073a14abace90a0852b1a18fa7a753aa495e511f, 2018-01-20 22:43:52, 0x80f7fdf5b83a46fb7058d47d7821d86b4fedeeac, 0x2e977141d7e8a3c43d9bee95da517f1ce0d4d5a0, 89.777225398823792, 0.001029
4943046, 0x979bddf141c5f3a9ca8192812356b4fa773e06a4cce48d7b29da87fc09b6f210, 2018-01-20 22:44:40, 2441077583946836, 0x02d32784f16e4a5399febd79c9562fc6b6422b6992e62a88bf1e49e9f366525d, 2018-01-20 22:44:32, 0x40b718295c68f15037a66aeb19e8c3cf9cb6a425, 0x9bbb9387c9e2477a6b5d81afece00255875c48ce, 0, 0.00042968
4943048, 0x9f51911334f5e793a3f37aceb013e5028b43a2d090e05d059a1ff5d1d4c85441, 2018-01-20 22:44:47, 2443462031035365, 0x58854d191688bb70255a90fe4b38bbbc16af4ec87bf8b37bb91ca28e7a344dcf, 2018-01-20 22:44:44, 0xf4674520d69b7d675822c74f74598c30db149514, 0x275bc36fb6888ce25f535524bded2c809bdd2f34, 0.20836, 0.000021
4943051, 0x49726a3a5b7e198ded50683fd34c76bb568fdab40c0f01802caab990d3690392, 2018-01-20 22:45:20, 2448237331610777, 0xaced54b938da62561fa5cff5a24f23fa11b8cff5e7caef2de21d9f815d5cab92, 2018-01-20 22:44:57, 0xead15485a45359024b5d1600f3d56f702d8d605b, 0x5bb9998c03647dd4124a7b610811beff0d54b6bc, 0.10000035, 0.000021
4728214, 0x0425b6dc4233ba036bffdcbbf986bf8dffbc566fb3758306ebb48cd422362d9b, 2017-12-14 06:51:42, 1618519478996746, 0x06f0d243dacf86d1a5a54f7defb61ec25028e4d3b38d62fb51ef87ddfcee0b6b, 2017-12-14 0:06:49, 0x38a63d0a9b4dce8b2db41149c313f8153eb49987, EtherDelta 2, 0.39839073, 0.00014746
4728215, 0xecf1d1732a51792a4518c15dae1571695aa6d1d6214d75b321f09fcee3171cd5, 2017-12-14 06:51:42, 1619309771743867, 0x03ac78e00f71a3d5bbad07ec6e8d28f40ec3d37c8f8acc2f7cbd58b21a5caeb6, 2017-12-14 0:06:52, 0x5bb724cbb7dce4fd15e86ba5d7a4e581adaa362a, 0xfb1809e05a4d99df560737696dd0204b01f0faed, 4.8, 0.0002625
4728222, 0x639e4f19aaca19acc82058bffa3a307a77331dca01c9254c9bcaa2b287ca2052, 2017-12-14 06:51:45, 1620890742344614, 0x13ab5fbb93de0de9ffeac56bfa693381b587988d0f37abf51570e66ab11979ab, 2017-12-14 0:08:18, 0xa25e767f98419b492871fe5a55018693b69a2a08, 0x96d3f5ff4bbfd37ee5e182597a0ba47392c9b5ef, 0.072191741264799, 0.000483
4728229, 0x9a30f9c326d43cfa7f2fd66502b0553b89499902928b11277384befb2b968d6f, 2017-12-14 06:51:49, 1620889196394938, 0x9c42e4c1e5c3c63a83a0ec4f067c0a75c2acdfa0941abd8dd2034e0de2190013, 2017-12-14 0:09:52, 0x1d789cdc393b2cd1a28d809357a8356d4bd87b48, 0x0c9e17706044c19f81e0e27fc694fce10e54c4a8, 28.016630944935962, 0.00067221
4728241, 0x6f3cb4e11c2792d24e88429a81e10baaf04743befd0174c4ed01cd31eaa2c1ff, 2017-12-14 06:51:54, 1623262771032549, 0x8561dc07e3abbce604dfe2c23fe16c611645fedb1f733f844be69697bbb26077, 2017-12-14 0:12:12, 0x120da28553a05454f2390a6ce94a0060663cff6c, 0x120da28553a05454f2390a6ce94a0060663cff6c, 0, 0.00021
4728244, 0xe5462062ba72dd923713bf62171e4bae7308877b8dede0273bfc4fac587aceba, 2017-12-14 06:51:55, 1625641371487693, 0x300f97441f93bf76010f805c3d64eb7be51f352d329ddc728b08aef988cd5a48, 2017-12-14 0:12:35, 0x3182d3394b9bd21b5d609939994a3fc69aaf427b, 0x4dd900190d4238723b1caff8158e378374fa9c34, 3.5, 0.000441
4728245, 0x57733721623eb79f75239146300fe75a61e9c2149bcf81a59348e8c34a6f9224, 2017-12-14 06:51:55, 1627228911922303, 0x9287dd747bdf253445922583758b0725e29f6afe17995b2eec548d67df359cdb, 2017-12-14 0:12:39, 0xbeebdd0415f04d74b95c1ceb2ec2a6cf068d03fc, EtherDelta 2, 0, 0.0001916
4728269, 0x3661036508e1acaf2db5bccd83ee08f036bb76d1cf86bebb78ea729cfdbbb965, 2017-12-14 06:52:07, 1631198907321520, 0x964cb9cb79259141a0c62de9819f082c28b71057c96d0a290c898611be007c51, 2017-12-14 0:18:38, 0x76f4b2e6b4e8526032ec2435d3926ed30811531d, 0x9819790048f15d5460d96a25c1e0f0dc1f5a8c38, 0.0029506625, 0.0002205
4728271, 0xff8444bb32724b4f17cbd239206b51807e504d19989ee32ba6eae65bb471d379, 2017-12-14 06:52:08, 1632792263978128, 0xf87bb0b1093f890acf20e5b13b18d467746709dda7de5cd6c40544dd4723b2c2, 2017-12-14 0:18:51, 0xf02913aba543137a8826fd457a8f8d97a2e5782b, 0x6cee948c9d593c58cba5dfa70482444899d1341c, 0, 0.00018226
4728272, 0xe45faf80eb88d30b5803e1f58bb5fdb0c6943aaf7a5392a4a1b6b096a6d28041, 2017-12-14 06:52:08, 1633589525858541, 0xe3a4df69fddeb2bd688c659b2fb0c87085752c12cb4d3c30d39073bc4ca23c45, 2017-12-14 0:18:53, 0x8046948b9d61bcc979e4b7c12f994066d61d190a, EtherDelta 2, 0.015, 0.00017797
4728284, 0x7d7312f25517afb5a8780a54e9957a4bd6a86432dc6eddfce89888863d2601e6, 2017-12-14 06:52:14, 1630395810451867, 0x5258668714e28ad6b872461b0d5be9e49a7edf8e4cfd4d1bf9469121c9938801, 2017-12-14 0:22:28, 0x365d33fe4214141bb959655175aed74c37bc8709, 0xb58d5ed0ad13f9802a65ac6e50281873a34588f0, 64.897040447401652, 0.00067221
4943042, 0x070b5e4a02046a9eb0b9286331f4f761e27040cf53f3c79f735ce7f9d35c530c, 2018-01-20 22:44:03, 2437505855910246, 0x66a93299d971b42f838b6782073a14abace90a0852b1a18fa7a753aa495e511f, 2018-01-20 22:43:52, 0x80f7fdf5b83a46fb7058d47d7821d86b4fedeeac, 0x2e977141d7e8a3c43d9bee95da517f1ce0d4d5a0, 89.777225398823792, 0.001029
4943056, 0x50d3173d7497778b7ae2c1491aaed0516b495e007f47896d993cc93e4c1b2920, 2018-01-20 22:46:07, 2448236164856001, 0xe263130df570d6026832304f3c0a76ad656a03e284a2468fd1b158f16b3e978c, 2018-01-20 22:46:00, 0x40b718295c68f15037a66aeb19e8c3cf9cb6a425, 0x9bbb9387c9e2477a6b5d81afece00255875c48ce, 0, 0.00042936
